{
    "images": [
        {
            "id": 1,
            "file_name": "1.jpg",
            "width": 365,
            "height": 311
        },
        {
            "id": 2,
            "file_name": "10.jpg",
            "width": 395,
            "height": 346
        },
        {
            "id": 3,
            "file_name": "11.jpg",
            "width": 357,
            "height": 351
        },
        {
            "id": 4,
            "file_name": "12.jpg",
            "width": 587,
            "height": 492
        },
        {
            "id": 5,
            "file_name": "13.jpg",
            "width": 492,
            "height": 352
        },
        {
            "id": 6,
            "file_name": "14.jpg",
            "width": 380,
            "height": 337
        },
        {
            "id": 7,
            "file_name": "15.jpg",
            "width": 392,
            "height": 362
        },
        {
            "id": 8,
            "file_name": "16.jpg",
            "width": 407,
            "height": 330
        },
        {
            "id": 9,
            "file_name": "17.jpg",
            "width": 367,
            "height": 322
        },
        {
            "id": 10,
            "file_name": "18.jpg",
            "width": 476,
            "height": 370
        },
        {
            "id": 11,
            "file_name": "19.jpg",
            "width": 412,
            "height": 326
        },
        {
            "id": 12,
            "file_name": "2.jpg",
            "width": 701,
            "height": 541
        },
        {
            "id": 13,
            "file_name": "20.jpg",
            "width": 502,
            "height": 370
        },
        {
            "id": 14,
            "file_name": "3.jpg",
            "width": 473,
            "height": 378
        },
        {
            "id": 15,
            "file_name": "4.jpg",
            "width": 467,
            "height": 382
        },
        {
            "id": 16,
            "file_name": "5.jpg",
            "width": 460,
            "height": 426
        },
        {
            "id": 17,
            "file_name": "6.jpg",
            "width": 447,
            "height": 392
        },
        {
            "id": 18,
            "file_name": "7.jpg",
            "width": 438,
            "height": 392
        },
        {
            "id": 19,
            "file_name": "8.jpg",
            "width": 435,
            "height": 337
        },
        {
            "id": 20,
            "file_name": "9.jpg",
            "width": 415,
            "height": 321
        }
    ],
    "annotations": [
        {
            "id": 1,
            "image_id": 1,
            "category_id": 0,
            "bbox": [
                49.46750902527076,
                24.092057761732857,
                274.00722021660647,
                271.1191335740072
            ],
            "area": 74288.60013814854,
            "iscrowd": 0
        },
        {
            "id": 2,
            "image_id": 2,
            "category_id": 0,
            "bbox": [
                59.94979919678718,
                49.30522088353415,
                277.10843373493975,
                271.0843373493975
            ],
            "area": 75119.75613296557,
            "iscrowd": 0
        },
        {
            "id": 3,
            "image_id": 3,
            "category_id": 0,
            "bbox": [
                46.9959349593496,
                45.01219512195123,
                274.79674796747963,
                278.4552845528455
            ],
            "area": 76518.60664948111,
            "iscrowd": 0
        },
        {
            "id": 4,
            "image_id": 4,
            "category_id": 0,
            "bbox": [
                73.7857142857143,
                22.0,
                448.57142857142856,
                445.14285714285717
            ],
            "area": 199678.3673469388,
            "iscrowd": 0
        },
        {
            "id": 5,
            "image_id": 5,
            "category_id": 0,
            "bbox": [
                58.04081632653062,
                1.3061224489796102,
                394.28571428571433,
                333.87755102040813
            ],
            "area": 131643.14868804664,
            "iscrowd": 0
        },
        {
            "id": 6,
            "image_id": 6,
            "category_id": 0,
            "bbox": [
                39.80468750000003,
                26.703125000000007,
                294.921875,
                293.75
            ],
            "area": 86633.30078125,
            "iscrowd": 0
        },
        {
            "id": 7,
            "image_id": 7,
            "category_id": 0,
            "bbox": [
                41.58823529411765,
                49.067226890756295,
                299.15966386554624,
                294.9579831932773
            ],
            "area": 88239.53110656027,
            "iscrowd": 0
        },
        {
            "id": 8,
            "image_id": 8,
            "category_id": 0,
            "bbox": [
                43.92145593869732,
                24.003831417624514,
                298.46743295019155,
                293.4865900383142
            ],
            "area": 87596.1891340409,
            "iscrowd": 0
        },
        {
            "id": 9,
            "image_id": 9,
            "category_id": 0,
            "bbox": [
                40.40298507462687,
                33.388059701492544,
                273.88059701492534,
                267.5373134328358
            ],
            "area": 73273.27912675428,
            "iscrowd": 0
        },
        {
            "id": 10,
            "image_id": 10,
            "category_id": 0,
            "bbox": [
                80.27467811158797,
                30.06437768240344,
                313.30472103004286,
                313.3047210300429
            ],
            "area": 98159.84821971299,
            "iscrowd": 0
        },
        {
            "id": 11,
            "image_id": 11,
            "category_id": 0,
            "bbox": [
                69.58490566037734,
                31.679245283018865,
                279.24528301886795,
                278.1132075471698
            ],
            "area": 77661.80135279459,
            "iscrowd": 0
        },
        {
            "id": 12,
            "image_id": 12,
            "category_id": 0,
            "bbox": [
                126.91509433962267,
                81.82075471698114,
                493.0817610062893,
                425.78616352201254
            ],
            "area": 209947.39132154582,
            "iscrowd": 0
        },
        {
            "id": 13,
            "image_id": 13,
            "category_id": 0,
            "bbox": [
                61.08583690987126,
                10.321888412017172,
                389.6995708154506,
                333.90557939914163
            ],
            "area": 130122.86098472986,
            "iscrowd": 0
        },
        {
            "id": 14,
            "image_id": 14,
            "category_id": 0,
            "bbox": [
                44.614035087719316,
                13.122807017543892,
                396.49122807017534,
                339.91228070175436
            ],
            "area": 134772.23761157275,
            "iscrowd": 0
        },
        {
            "id": 15,
            "image_id": 15,
            "category_id": 0,
            "bbox": [
                39.03097345132744,
                21.973451327433636,
                391.1504424778761,
                332.3008849557522
            ],
            "area": 129979.63818623227,
            "iscrowd": 0
        },
        {
            "id": 16,
            "image_id": 16,
            "category_id": 0,
            "bbox": [
                54.009900990099,
                40.72277227722772,
                370.7920792079208,
                372.7722772277228
            ],
            "area": 138221.0077443388,
            "iscrowd": 0
        },
        {
            "id": 17,
            "image_id": 17,
            "category_id": 0,
            "bbox": [
                53.27272727272728,
                21.454545454545475,
                360.0,
                356.3636363636363
            ],
            "area": 128290.90909090907,
            "iscrowd": 0
        },
        {
            "id": 18,
            "image_id": 18,
            "category_id": 0,
            "bbox": [
                24.227272727272748,
                27.363636363636385,
                395.45454545454544,
                334.54545454545456
            ],
            "area": 132297.52066115703,
            "iscrowd": 0
        },
        {
            "id": 19,
            "image_id": 19,
            "category_id": 0,
            "bbox": [
                86.05468750000003,
                35.68750000000001,
                289.453125,
                283.203125
            ],
            "area": 81974.02954101562,
            "iscrowd": 0
        },
        {
            "id": 20,
            "image_id": 20,
            "category_id": 0,
            "bbox": [
                70.88289962825277,
                27.41449814126394,
                278.4386617100372,
                277.32342007434943
            ],
            "area": 77217.56194635232,
            "iscrowd": 0
        }
    ],
    "categories": [
        {
            "id": 0,
            "name": "trafik_levhasi"
        }
    ]
}